B0090X8IPM;B003GTR8IO
B0090X8IPM;B003GTR8IO
B0013NUGDE;B007M83302;B000VK8AVK;B001RVFEP2;B0026KNQSA;B007M832YY;B0026KPDG8;B001RVFERK;B006HYLW32
B000KV61FC;B000KV7ZGQ
B000UBD88A;B0013A0QXC
B000UBD88A;B0013A0QXC
B000KV61FC;B000KV7ZGQ
B0090X8IPM;B003GTR8IO
B000UBD88A;B0013A0QXC
B0041NYV8E;B002IEVJRY
B0090X8IPM;B003GTR8IO
B000UBD88A;B0013A0QXC
B000KV61FC;B000KV7ZGQ
B0090X8IPM;B003GTR8IO
B0090X8IPM;B003GTR8IO
B000KV61FC;B000KV7ZGQ
B000KV61FC;B000KV7ZGQ
B000UBD88A;B0013A0QXC
B0041NYV8E;B002LANN56
B0090X8IPM;B003GTR8IO
B0013NUGDE;B007M83302;B000VK8AVK;B001RVFEP2;B0026KNQSA;B007M832YY;B0026KPDG8;B001RVFERK;B006HYLW32
B0013NUGDE;B007M83302;B000VK8AVK;B001RVFEP2;B0026KNQSA;B007M832YY;B0026KPDG8;B001RVFERK;B006HYLW32
B000UBD88A;B0013A0QXC
B000UBD88A;B0013A0QXC
B002IEZJMA;B006MONQMC
B0090X8IPM;B003GTR8IO
B002IEZJMA;B006MONQMC
B000UBD88A;B0013A0QXC
B000UBD88A;B0013A0QXC
B0013NUGDE;B007M83302;B000VK8AVK;B001RVFEP2;B0026KNQSA;B007M832YY;B0026KPDG8;B001RVFERK;B006HYLW32
B0090X8IPM;B003GTR8IO
B000KV61FC;B000KV7ZGQ
B0090X8IPM;B003GTR8IO
B0013NUGDE;B007M83302;B000VK8AVK;B001RVFEP2;B0026KNQSA;B007M832YY;B0026KPDG8;B001RVFERK;B006HYLW32
B0090X8IPM;B003GTR8IO
B0013NUGDE;B007M83302;B000VK8AVK;B001RVFEP2;B0026KNQSA;B007M832YY;B0026KPDG8;B001RVFERK;B006HYLW32
B000UBD88A;B0013A0QXC
B000KV61FC;B000KV7ZGQ
B000KV61FC;B000KV7ZGQ
B000KV61FC;B000KV7ZGQ
B000KV61FC;B000KV7ZGQ
B000UBD88A;B0013A0QXC
B000KV61FC;B000KV7ZGQ
B000KV61FC;B000KV7ZGQ
B002IEZJMA;B006MONQMC
B0013NUGDE;B007M83302;B000VK8AVK;B001RVFEP2;B0026KNQSA;B007M832YY;B0026KPDG8;B001RVFERK;B006HYLW32
B0013NUGDE;B007M83302;B000VK8AVK;B001RVFEP2;B0026KNQSA;B007M832YY;B0026KPDG8;B001RVFERK;B006HYLW32
B0090X8IPM;B003GTR8IO
B000KV61FC;B000KV7ZGQ
B0013NUGDE;B007M83302;B000VK8AVK;B001RVFEP2;B0026KNQSA;B007M832YY;B0026KPDG8;B001RVFERK;B006HYLW32
B000KV61FC;B000KV7ZGQ
B000KV61FC;B000KV7ZGQ
B0090X8IPM;B003GTR8IO
B000UBD88A;B0013A0QXC
B000UBD88A;B0013A0QXC
B000KV61FC;B000KV7ZGQ
B0090X8IPM;B003GTR8IO
B000KV61FC;B000KV7ZGQ
B0090X8IPM;B003GTR8IO
B0013NUGDE;B007M83302;B000VK8AVK;B001RVFEP2;B0026KNQSA;B007M832YY;B0026KPDG8;B001RVFERK;B006HYLW32
B000KV61FC;B000KV7ZGQ
B000KV61FC;B000KV7ZGQ
B000UBD88A;B0013A0QXC
B000KV61FC;B000KV7ZGQ
B000KV61FC;B000KV7ZGQ
B0090X8IPM;B003GTR8IO
B000KV61FC;B000KV7ZGQ
B000UBD88A;B0013A0QXC
B000KV61FC;B000KV7ZGQ
B000UBD88A;B0013A0QXC
B000UBD88A;B0013A0QXC
B000UBD88A;B0013A0QXC
B0013NUGDE;B007M83302;B000VK8AVK;B001RVFEP2;B0026KNQSA;B007M832YY;B0026KPDG8;B001RVFERK;B006HYLW32
B0013NUGDE;B007M83302;B000VK8AVK;B001RVFEP2;B0026KNQSA;B007M832YY;B0026KPDG8;B001RVFERK;B006HYLW32
B0090X8IPM;B003GTR8IO
B000UBD88A;B0013A0QXC
B000KV61FC;B000KV7ZGQ
B0013NUGDE;B007M83302;B000VK8AVK;B001RVFEP2;B0026KNQSA;B007M832YY;B0026KPDG8;B001RVFERK;B006HYLW32
B000KV61FC;B000KV7ZGQ
B0090X8IPM;B003GTR8IO
B000KV61FC;B000KV7ZGQ
B000KV61FC;B000KV7ZGQ
B000UBD88A;B0013A0QXC
B0090X8IPM;B003GTR8IO
B0013NUGDE;B007M83302;B000VK8AVK;B001RVFEP2;B0026KNQSA;B007M832YY;B0026KPDG8;B001RVFERK;B006HYLW32
B0013NUGDE;B007M83302;B000VK8AVK;B001RVFEP2;B0026KNQSA;B007M832YY;B0026KPDG8;B001RVFERK;B006HYLW32
B0090X8IPM;B003GTR8IO
B0090X8IPM;B003GTR8IO
B000UBD88A;B0013A0QXC
B000UBD88A;B0013A0QXC
B0013NUGDE;B007M83302;B000VK8AVK;B001RVFEP2;B0026KNQSA;B007M832YY;B0026KPDG8;B001RVFERK;B006HYLW32
B000UBD88A;B0013A0QXC
B000KV61FC;B000KV7ZGQ
B0090X8IPM;B003GTR8IO
B000KV61FC;B000KV7ZGQ
B0090X8IPM;B003GTR8IO
B0013NUGDE;B007M83302;B000VK8AVK;B001RVFEP2;B0026KNQSA;B007M832YY;B0026KPDG8;B001RVFERK;B006HYLW32