Id,ProductId,UserId,ProfileName,HelpfulnessNumerator,HelpfulnessDenominator,Score,Time,Summary,text
39,B001EO5QW8,A2GHZ2UTV2B0CD,JERRY REITH,0,0,4,1350777600,GOOD WAY TO START THE DAY....,visit friend nate morn coffe  came storag room  packet mccann instant irish oatmeal  suggest tri use stash  sometim nate dose give chanc say  end tri appl cinn  found tasteful made water powder milk  goe good oj coffe slice toast readi take worldor day least jerri reith
140,B002SRYRE8,A20PK3OCKRRSA5,Mrs. J. Todd,0,0,5,1268265600,Excellent Product/Life Saver,son acid reflux sinc birth everi medic avail improv older gentleman came work place told product automat order realli expect better result 1000 thing tri surpris heartburn symptom sinc day 2 start eat one piec ginger morn eat anyth actual enjoy product god send thank
209,B0028C44Z0,A3BJ9NS09YGQT5,"Atl Chris ""Atl Chris""",0,3,1,1314489600,These just don't do it for me as breath mints,noth like regular altoid breath mint pleasanttast littl candi cute conveni tin that far goe minti strong wintergreen definit weaker peppermint mini im dragonbreath person still one mint small effect breath four five freshen breath short  mayb 15 minut point think icebreak frost mint best sugar free breath mint
220,B001EO5ZMO,A3KQ1480MHXXCW,M'ville,3,3,5,1272412800,Nice tea,love strong full bodi qualiti tea typic drink assam irish breakfast earli grey tea review note price per pound discourag search qualiti full bodi tea wasnt bitter palat price point certain fit bill unlik tea tend better one form anoth ie ice vs hot tea excel form would certain recommend anyon prefer smooth full bodi qualiti tea doesnt cost arm leg
221,B001EO5ZMO,A8D27L5Q5BLRC,K. Kwan,0,0,5,1350864000,A fragrant tea,drink tea plain without sugar milk pleasant aromabr br price amazon cheaper local groceri store one review right think herbal smell make aroma label imperi blend kind impli herbbr br exact black tea drinker tea surpris afford usual prefer white chines tea like white peoni expens requir lower temperatur water black tea aroma kind remind soft white tea
241,B001EO5ZMY,AF72GTWZGAC61,Pinkhat,3,3,5,1330732800,Excellent loose tea.,like ceylon tea varieti certain enjoy appreci teabr br happi find ahmad tea avail thank amazon surpris negat review 2009 20 year drink ahmad tea even disappoint superb qualiti ahmad tea remain consist throughout yearsbr br current deal pack 4 good cheaper find locallybr br high recommendedbr br note list descript confus packet tea weigh 500 gram equal 11 pound 176 ounc
265,B000LKZK7C,A1T14KXM4GH14A,Karen Keauhou Chun,6,8,5,1339804800,Good product but terrible agricultural practices,sugar rawtm pleas harvest cane wo burningbr deliv hcsbr dear sugar raw folksbr br buy product care environ wed like know care burn cane field maui add co2 worsen climat chang smoke burn damag lung worker worker children resid mauibr br love product want chang noburn harvest continu buy know arent contribut global warm lung diseasebr br 
292,B001UJEN6C,A37AO20OXS51QA,"Roderic Rinehart ""Roderic""",3,3,5,1311292800,"The best energy shot out there, smooth and organic!",want organ energi shot choic one steaz assort flavor guayaki guayaki yerba mate actual steaz energi shot energi drink use sambazon acai similar ingredientsbr br great energi burst 4 hour steaz energi shot withdraw headach afterward plan drink one everi day lunch work help cut ice coffe help calori intakebr br alreadi order 12pack subscrib save 2 per month great valu
316,B001EPQ0J0,A2L3IECPFB956F,D. Alger,0,0,5,1268265600,Excellent coffee,brand coffe avail local store time  ive believ compani local ive drink quit time tire im particular fond turtl sunda flavor good cant say ive bad onebr br turn less expens order amazon show front door run local walmart get brainer tri like rich flavor coffe youll like
341,B000HKYP9A,AD5WAUA14YD6N,M. Knapp,0,0,4,1281657600,"great for eating whole foods, clean with veggie brush",slight differ version  differ brand son start use around six month realli enjoy get messi eat someth sticki juici like banana watermelon whatev anyway also troubl clean tri scrub nail veget brush work pretti well take time much would take run food food mill blender cut clean chair floor dog well get pictur
345,B000HKYP9A,AMNCDXFZKL6MZ,C. Lamberts,0,0,3,1173484800,Wonderful idea-difficult to clean.,love love love idea product littl one love love love use get fresh fruit tasti thing dont worri choke drawback bit food get stuck mesh seam imposs get grant food difficult other dont caus much problem banana howev pretti much destroy coupl love product think next time get one remov replac mesh bag
386,B001ESOQAM,A37RRNHOYQ7JPH,Judy,0,0,5,1323993600,Good for the money,cashew nice big vast major whole number small piec bottom bag that pretti expect mani cashew made absolut excel cashew brittlebr br order took week arriv pretti decent consid ship across countri came doubl bag clear plastic bag two 5 lb portion high conveni sinc could throw one bag freezer readi work itbr br great valu price
461,B000G6RYNE,A2ZEFDVX4X5TPX,"Thomas A. Roberts ""tomrgalvtx""",0,0,4,1249430400,Not quite the best...,past coupl year eaten review sever kind style chip best ive ever big disappoint eaten lantchip varieti way best group kettl chip right salt irrit pringl product kettl good flavor small size overwhelm oili take away flavor good choiceamazon stock lantchip time day choic
495,B000G6RYNE,A2C5BWOM7329UD,Jason T. Stevens,0,0,5,1203465600,Addictive,best potato chip ive ever tast easi go half bag without stop texturecrunchi perfect salt vinegar combin dont know tast much better chip ive ever judg nutrit fact seem healthier theyr somewhat fibrous good bit potassium vitamin c could dont skin potato chip bit thicker normalbr br like kettl chip great
521,B000G6RYNE,A3TK2IOP8UQ087,"Alabaster Jones ""perpenhopher""",0,1,5,1255219200,"Lightly Salted, Heavily Delicious!",best potato chip money buy enough salt tast much mask linger potatoey awesom youv wolf bag beauti chip perfect thick  teeth get excit everi time put one mouth everyth chip perfect like made god deliv gabriel know amazon carri dont even leav hous buy may never eat anyth els
530,B000G6RYNE,AY1EF0GOH80EK,Natasha Stryker,3,3,5,1327708800,Do not miss the salt!,someon brought parti last month didnt put buffet full didnt think anyon would like saltless potato chip last week friend pantri put oh gosh good wrong think would bland full real potato flavor wonder crisp fresh tast amazon buy case want dip truli delici
562,B000G6RYNE,A3UFRBCC1CSCSJ,mel,7,9,1,1298764800,The bags were damaged with holes and stains.,chip greatfor first bag howev first bag two notic remain bag damag hole bag black sticki stain outsid review bought around time claim found rodent hole bag chipsbr br chip came seal kettl box hard say screw someon somewher screw chip health hazard hole bag like game roulett
567,B000G6RYNE,A3ARZW7S96SESC,Lillie Walker,2,2,1,1333670400,HORRIBLE I CANT BELIEVE THIS!,terribl cannot believ receiv item everi singl bag open 4 im station afghanistan gonna snack team go mission embarrass bag open spilt box gross box fill greas stain idk airplan ride way box insul bubbl wrap use instead paper im unhappi stale crusti chip bag us soldier cannot enjoy
595,B000G6RYNE,A5U1K1NRQEZW9,"L. Wang ""L. Wang""",1,1,3,1288310400,Good deal but close expiration date!,love sea salt  vinegar flavor kettl saw one daili deal 1799case put order without doubt howev receiv case found whole case expir decemb got end august tri one packag definit tast unfresh chip disappoint found item return conveni although love chip wont order concern close expir date
640,B001EPPFGO,A1RZ4VH27NLDGS,"Jeremy Morgan ""A good book on your shelf is a...",0,0,5,1334534400,What a great tea at this price,delici teabr br im becom tea geek realli explor stuff like earl grey amongst top especi bergamotbr br problem find amount bergamot ad usual littl muchbr br one perfect realli like balanc flavor dont add anyth tea part teaspoon cup 23 minut readybr br tast like expens tea price like lipton definit recommend fan earl grey kick
644,B001EPPFGO,AZ2NEHE8TNRUW,prb in California,0,0,5,1295568000,favorite Earl Grey tea,lifetim tea drink honest say best earl grey ever tast order number time batch consist excel even given gift contain superb keep loos tea fresh metal canist inner lid lift attach knob tea stay dri fresh length time take use favor like earl grey treat tea
647,B002HQH04O,A2ZP7F2XXKGUCR,S. Block,0,0,5,1309132800,A HUGE Success,male maltes dog enjoy old roy puppi biscuit walmart couldnt find desper find treat would measur order six bag peanut butter cross fingersbr br arriv littl guy love get one heartshap biscuit bedtim sleep crate hear touch bag treat beat path crate high excit big hit well worth price high qualiti even smell peanut
660,B002BCD2OG,A2V82V20LFSWD7,J A,0,0,4,1347321600,"Good, but container could be better",use buy wholesom sweetner agav like littl better switch becam expens cheeper option tast seem littl less sweet find use get right sweet coffe dont like contain doesnt pour well pour better squeez bottl dont sticki mess counter everi day fine price continu ship everi month
693,B000G6MBX2,AWZG8HXBE8PNB,doraima,0,0,5,1278633600,Plocky's Rice and Beans Tortilla Chips,bought chip want tri tasti sure uniqu differ flavor right thicknessbr br remain crunchi spici flavor hint tabasco paprika sauc heat rice granul embed tortilla chip howev spice lack chip like muchbr br would recommend anyon want tri red bean rice tortilla chip go ahead put ingredi nacho except chees mayb el pastor shred meat tomato etcetera
754,B0035YE9CS,A7H19XVU8BGKB,Robert Ritter,1,1,5,1314489600,Gets My Vote,bottl arriv time sushi dinner game night plan friend three soy sauc choos sampl use bluegrass everyon enjoy light smooth subtl sweet splash right everi piec rather dunkingdip friend want know found im go back order right ill order 3 extra bottl go make great littl gift that afford uniqu instead tradit bottl wine common bore
798,B00285FF6O,A372X206KVOQWQ,"Isehara ""isehara2""",0,0,5,1326931200,Heavenly Action,best caramelchocol combin ever tast caramel liquid complement ghiradelli chocol perfect tri brew attempt lose weight  end addict like mebr  ghiradelli product far better caramellohershey product everi way caramello chocol lack refin tast ghiradelli squar caramello caramel harder sublim tast compar two like compar warren buffett term wealth unfortun caramello bar regardbr  least tri ghiradelli
839,B001ELL9X6,A2SSX0VOP3CHZW,"D. Umeno ""discerning consumer""",0,0,4,1305417600,Nice flavorful tea for the purist black tea addict,grew yunnan tea child  alway mother favorit  happi find econom sourc qualiti great larg volum habitu tea drinker like tea daili regular tea yunnan nice brew dark need much time aromat flavor without addit want someth floweri yet subtl earl grey yunnan keemun may nice option explor
844,B000UWSQT0,A1A0JJPS4JAZHI,JJ,0,0,5,1233619200,This caramel is fantastic!!!,eaten reeaten way though das caramel rang remain alltim favorit one usual get rave review share isnt easi thing  tri one youll see mean ive caramel fan age werther butterscotch pinch noth come closer mother use make chewi butteri littl crunch salt spectacular ok mother didnt put salt improv
924,B000ER6YO0,AWBKE3QTB3BWX,Nessie,0,0,3,1315958400,Not as yummy as Earth's Best's other flavors,receiv dinner varieti pack tri first time today alway tri babi food make sure right temperatur put bowl microwav 69 second tast ok tast made face yucki ad sweet potato dash cinnamon credit 8 month old daughter ate bite near enthusiast flavor like mixtur organ veget bean protein
975,B001EQ4DVQ,AXZTWAX77RHPG,William Strickler,3,3,4,1194998400,Very Convenient and far better than instant coffee,dont think coffe bag good fresh ground fresh brew coffe tast far better instant coffe work water cooler hot water dispens brew hot water like tea bag make tea tast far better instant coffe high recommend coffe lover access hot water dont access coffe maker individu wrap seal bag allow take one tini tea like bag pocket purs earli morn meet
1008,B006GK4XVA,A3MDETK0D5UAIN,"xoxo ""woodfairy""",0,0,3,1349308800,Smells like roses but no safety or freshness seal.,smell first like bed fresh rose even though rose content minim found smell overwhelm like brand spice seal place loos screw lid shaker lid either open dump question minut piec rose could produc perfum odor hope chemic enhanc lid loos seal doubt safeti product
1040,B001E6KBSK,A23YPRZKGGP3QI,"Steve McDaniel ""stevemcdaniel""",1,4,3,1298073600,Cereal is great.  Price is awful.,realli like mueslix cereal amazon price awfulbr 2273 5 pack 450 boxbr product retail store around 4 box publix kroger inglesbr amazon price higher retailbr br mueslix almost never sale though unlik kellogg cerealsbr 12 time per year publix groceri kellogg cereal half pricebr 2box incred price stock next sever weeksbr br expect amazon price like 3box sinc 5 packbr boy wrong
1059,B001GCVLXG,A3SH3ZVXS16IBL,Jeff Jones,3,3,2,1314576000,Crumbled cookies are no fun to eat,goodbr br walker shortbread cooki favorit love bought highland set cooki came individu wrap two cooki end five star reviewbr br badbr br unfortun amazon ship box size contain came walker cooki compani up shipment cooki reduc crumb contact amazon problem without ever receiv respons sinc bought ship sold amazon wont purchas cooki amazon
1085,B0030N5K1I,A19U4T4I7UZGNM,3 dogs,3,3,1,1330992000,awful,jerki process hard like rock greasi stale smell stripe someth cant break anyth smaller 2 inch long certain size train treat dog 45lb dog eat anyth impress hard chew sound like crunch rock spat chew left would first time would eat someth entir live dog work lettuc zero star button
1093,B0025ULYKI,A2MZ43MMIBFL7M,John,5,5,4,1260921600,"Great Taste, Okay Crunch",first uncl ray chip year ago travel west track amazon recogn name good rememb smoki sweet enough kick there adequ season chip bag also littl stori courtesi uncl ray usual moral messag anecdot pretti funni intent problem chip textur theyr bit thin there much crunchi textur otherwis good chip well worth tri
1121,B0028SWACS,A7E85LH2I0TAP,"a metaphysician ""of erudition""",0,0,4,1318118400,Smells like Heaven...,soon open teabag envelop smell truli divin nasal candi  good bag linger scent envelop smell tea prove rather bitter may steep long see bitter abat steep less howev prefer milk cream product flower tea bitter soon dispel littl soy creamer enjoy cup lyche truli wonder flavor tea suspect flower ad lyche tea may contribut bitter straight tea definit reorder
1122,B0028SWACS,A3M6MZMHTACBVW,"R. W. ""RW""",1,2,5,1247875200,Sublime Fragrance and Taste,your look choic tea your probabl alreadi awar extraordinari compani pioneer use organ fair trade ingredi teabr br choic also innov design creativ ingredi combin design lyche white part choic new line character innov biodegrad pyramidshap tea bag allow use regular loos tea leav creativ ingredi combin healthi white tea enhanc ether marriag natur lyche flavor sublim organ osmanthus blossom flavor scent one savor celebr
1170,B001HTI226,A3JVLYSC4VG8XL,Christie Hall,2,2,5,1289088000,Spectacular tomatoes,tomato tast like home can summer heirloom tomato longer avail farmer market serv excel remind past season promis next origin bought organ tomato stepfath whose heart diseas dictat low sodium diet incred low sodium soon bought tri local organ groceri store sprout stop carri turn amazon case much stapl pantri oliv oil
1393,B00068PCTU,A2W3RO3ZLLX9N9,tropical lady,0,0,4,1339632000,Best stevia product I've found,year use synthet sweeten like equal sweet n low realiz longterm effect want find good altern nustevia lucki discoveri virtual bitter aftertas natur ive use exclus year work hot cold beverag come bulk packet portabilityi havent use bake probabl wont chemistri recip depend sugar someth similar get good effect howev daili use beverag product good
1394,B00068PCTU,AL619MA80I8RE,ASH,0,0,5,1337904000,Sweet stuff!,quit skeptic stevia first tri anoth brand thought wasnt much differ tast felt better use natur product artifici sweeten start look get bulk contain happen upon product purchas product 4 time quit pleas product bit concentr use less product drink cook competitorsbr br deliveri alway quick issu product packag
1424,B00061NJ06,A38TLK7HELDDBY,R. Shaw,4,4,4,1267488000,Costa Rican Export Coffee,first tast coffe hotel coffe shop costa rica vacat bought bag brought back home us costa rica grow arabica coffe bean fantast enjoy good coffe best morn strong flavor full bodi bitter 12 cup drip coffe maker use two round scoop 5 tbs finish last coffe look amazon found exact brand purchas costa rica bought four bag get
1425,B00061NJ06,A2646GV1ORUO88,Dr J E D,4,4,5,1179878400,Vintage Tasting Coffee,forget starbuck peet anyth els real deal like good vintag wine britt coffe truli gourmet tast realli fussi coffe general avoid trip costa rica fell love beverag use french press get full favor throw away coffe make contrapt bean deserv best tast bud deserv best dont work britt get paid say guy britt read send sampl two
1444,B001E50UEQ,A2RL1RS6PWUHWI,Jennifer Ackerman,0,0,3,1339027200,Neither great nor bad,like major meal hormel line one excess salti alon toler though meal wasnt swim sauc end like soup rice meal utter shame everyth els fair nice enorm amount sauc ruin itbr br quick easi make fill even blah meal like fit bill favorit type meal wouldnt turn lunch one hungri afternoon
1448,B001E50UEQ,ABTUNH7645QJL,Peter Reeve,0,0,2,1311552000,"Not a lot of flavor, not a lot of chicken",starchi soup rather meal portray outsid littl tast littl chicken most rice weak chicken stock thicken potato corn starchbr br repuls bad want light conveni snackbr br chef boyarde microwav meal tastier substanti also conveni pull lid come away easili hormel compleat pierc top first peel afterward easi especi hot
1454,B003OB2EP6,A2P1YV1633ZX8W,beach grandma,1,2,5,1317427200,fantastic  hot meal,want hot meal effort deliousthi way cook noodlesmicrowav left meathot dogbolonisp also microwav spoon two vegetableleft overfrozencan noodl cookadd season packetpour meatvegaft minut pour liquid outyou wonder meal less sodium pour colleg kid live meal cheapquick done microwav need get case libbi carotpea amazon about11 sinc use spoon twolast long time
1460,B0040WHJQM,A1M8Z2N79P7JIG,Sy B,10,10,5,1288396800,YUM YUM!,ive eat mcdougal right food year far best take exact way name suggest tast great cook veget broccoli cauliflow easi make problem noodl arent thick enough think one time let sit microwav littl longer becam thick id recommend product anyon want eat healthi enjoy noodl peanut flavor
1529,B0045TDE4Q,AZV26LP92E6WU,"M. Hammond ""ColemanFlGuy""",1,1,5,1347148800,easy to make also,follow easi instruct turn delici ate 6 mix 12 cup milk dri mix slowli mix togeth pour mix spray cast iron 6 cup muffin pan cook small convect oven cook nice moist insid mix fresh smell fresh date well 2013 pouch nice tough plastic one keep mix fresh easi open also
1568,B001EU5S9S,A1O2F0ZB6JVY0Y,SimpleSunny5,0,0,5,1323648000,Best Tea Ever,found tea 5 year ago stay spa resort washingtonbr br absolut love herbal help relax flavor tast color great cold well clear sinus sooth beauti deliciousbr br order tea everi year amazoncom price amaz well worth likewis ive given other gift afford tobr br tea wonder honey sugar sweeten must purchas everi household also great ontheroad tea drinker
1578,B001CWZXIY,A7C7QG6O3ZHXD,"A. C. Smith ""A.C.Smith""",3,3,2,1310860800,Didn't do well for my dog,give shihtzu fromm adult gold dog food didnt seem want eat though thought would tri someth differ found harmoni farm thought id give tri actual like cheaper food seem contain realli healthi ingredi couldnt believ gobbl week develop rash stomach took rash went away complet 2 day hair also wasnt soft kibbl well
1704,B001RVFDOO,A274W6DANB1AQ8,AubieGirl,45,46,5,1243555200,Awesome Chips!!!!!!!!!!!,pick 3 oz bag salt vinegar chip last weekend wegman blink eye bag gone nice vinegar flavor bad side blink eye gone good portion control order varieti pack 8 oz size singl serv help portion control flavor like  fair warn parmesan garlic garlic love salt pepper 100 calori pack nice chang bake chip tri  like
1708,B001RVFDOO,A2K5BNVW2P3F5L,Shannon,100,133,2,1261958400,Beware hidden ingredients,hate type mani peopl realli enjoy product take look ingredi socal allnatur product cheddar chees flavor right front flavor vouch right halfway list ingredi youll see yeast extract unfortun new msg mani peopl still unawar fact natur food compani take advantag chemic flavor enhanc whose potenti side effect scari googl msg yeast extract check 
1755,B001RVFDOO,A2I5QH4F5FDKK5,*rose*,0,0,5,1270512000,So good!,crunchi tasti dont tast like usual chip store first tri could tell right away differ greasi salti fatti chip use eat flavor crunch start appreci right away notic didnt feel sluggish icki eat wonder combo packag great flavor differ tasti love smaller packag realli hit spot without risk overindulg
1872,B001RVFDOO,A1ANPMPOYVPMSB,T. DELP,0,0,3,1349049600,popchips,realli like pop chip like flavor one like origin rest flavor realli good least famili gave away senior center senior didnt like sorri matter tast thing stick origin bestbr br snack origin fit daili ww program allot less money snack made program specificallybr br continu buy origin leav other other
1909,B005FG6KZ8,A3PCXCGFT1S1V8,Crispy Critter,0,0,5,1331337600,Too good to continue for long.,spici lover jalapentildeo cheeto tast great admit expect good one day pick small bag corner store end week 4 empti bag trash can offic snack must unfortun product good last fear meet fate wasabi funyun rare spici type chip actual tast awesom becom part standard sale roster enjoy awesom jalapentildeo cheeto long last
1918,B0016PKA1C,A32F0SQ7I9PO0L,Barbara J. Conine,1,1,1,1331164800,can't open,despit read review other hard open confid knew secret would fine matter couldnt pop clear plastic lid instruct show bottom part screw didnt husband couldnt even open everyth final got open held half aspargus want toss garbag bought one progresso open note self pay attent peopl say
1929,B0016PKA1C,A25BFBLWO5E43U,Eli B. Hariton,3,4,5,1245110400,Stylish Saver,colleg student love cook given 4 month ago impress abil keep herb fresh long period time give option cook fresh herb avail also easi clean store easili small fridg realli think must product everyonebr br interest larger one attach link compani site prepara see cool innov productsbr br 
1986,B003FA0M1O,A2RVEXGWER6F2K,"Mark Harris ""Dog Man""",0,0,3,1336867200,Just an FYI,use treat quit dog love dog also way food quit time act kind offnoth major exact right well happen quit use treat week notic dog came back life theyr eat like crazi cannot certain pin treat someth keep mind use pet seem littl kilter
2026,B001E5E29A,A2XJKCHDT5NNAA,"Monica Kim ""MK""",2,3,4,1308182400,Tasty mixture but,got gift like flavor wasnt crazi textur like fluffi pancak believ imo aunt jemima buttermilk readi mix best one easi makebr cours best tast waffl made scratch buttermilk allbr overal think buy gourmet pancak mix one biggest wast money still requir put melt butter milk etcbr stick recip aunt jemima hurri
2031,B001E5E29A,A2LBN99KCBHEDR,Jenn,0,0,5,1350259200,Best Belgian Waffles in No Time!,famili love waffl tri make homead waffl second child born got tire mix measur chose batter mix review great take time mix dough come bit runni fill bottom waffl iron complet get fluffiest belgian waffl use chefman rotat iron high recommend batter like waffl quick add littl cinnamon sugar spice
2046,B001E5E29A,ABDHC5PUDPHMP,untmom2003,0,0,5,1295740800,best ever!,great waffl mix allergi preserv find food general great tast without preserv huge challeng tri sever mix one far best total dont understand review bad tast chemicalsread label mix see one full ingredi certain kind ingredi mix need leven use real butter tub butter contain water nasti stuff best waffl ever
2081,B005HGAVGK,A23MT6Y5XQC0Z,b5784,3,3,1,1337040000,"Deceptive, more like a Christmas Sampler!",summer samplerbr br major sampler hot includ hot eggnog hot appl cider hot gingerbread coffe hot caramel appl golden french toast coffeebr br sound like perfect brew ice kcup total ice drink vanilla ice coffe peach ice tea unsweeten black ice teabr br addit 8 varieti rather 9 list descriptionbr br liter thought might mix summer drink holiday drink clear label summer samplerbr br even wors item general qualifi refund bewar
2093,B005HGAVGK,A9H9EWVCU00F8,"Jack Shepler ""Jackola""",0,0,4,1332806400,"Received 2 iced coffee, 3 iced tea, 2 holiday coffee",havent chanc tri yet thought would go ahead mention receiv 5 follow 7 flavorsbr br  sweet rasberri black ice teabr  southern sweet ice teabr  sweet lemon ice teabr  french vanilla ice coffeebr  nantucket blend ice coffeebr  gingerbread coffeebr  eggnog coffeebr br fortun im okay wonder gingerbread eggnog tast well might feel differ though might want know sinc seem varieti pack ice kcup
2094,B005HGAVGK,A13EVHSX2VCLX0,Book Worm,0,1,4,1329004800,Interesting assortment,type realli likeespeci southern sweet tea actual lot less sweet southern realli make raspberri peach also good over sweet urologist ban artifici sweeten kidney damagebr br care herbal thought bit much green tea assortmentbut found friend like flavorsbr br tast test fine dont think buy assort found realli like
2154,B002BB7EWI,A2R9FU4HOE1QN7,Gary Forbis,0,0,5,1295913600,My 7 month old daughter and 18month old twin niece and nephew love these,awesom know find discount code super inexpens love natur ingredi actual find tast great actual put littl older kid oatmeal love make 90 daughter babi food great go supplementbr br twin niec nephew 18 month old love snack sister say great car ride trip museum high recommend babi food product
2155,B002BB7EWI,A389ZIW141LE50,lcg,0,0,5,1285545600,great product/brilliant packaging!,perfect babi toddler go start use babi version daughter infantit easi throw pouch babi spoon diaper bag daughter older abl feed pouch give toddler pouch squeezesuck fruit packag great fruit tast good well yes tast everyth feed daughter daughter love thisher whole face light hand pouch
2156,B002BB7EWI,A17RAWV3NKL27C,PharmD,0,1,3,1295308800,Glorified baby food,know super trendi right total want love product exact want toddler love product took one tast hand back said gave babi food mom tast right tast like jar babi food consist thicker kid like packag great kid doesnt realli realli expens babi food im go give rest babi toddler least bit interest
2196,B000EPP56K,AO1HIVTUCQZQ2,Mon,0,0,3,1251072000,Not Real Peanut Satay,real peanut satay price bad like get keep desk work day dont time go lunch realli easi make mix togeth cook noodl bag sauc microwav 2 minut get restaur qualiti meal decent 200 box box say 2 serv mix meat anyth realli 1 serv
2294,B002MB2J6I,A2O3GLW7K6PW48,sari azrak,0,0,4,1287792000,its not what im used to...but hey its dietetic and healthy,general like vitalici product corn muffin well 100 calori bad expect anyth like sugarfat laden junk local bakeri sell look elsewher like healthi makeov doesnt quit cut theyr bad amount calori chocol one indulg one good bland breakfast treat especi bake freshbr kid happi get extra snack approvei send school midmorn snack im glad get fuel vitamin
2303,B0002Z9BF8,A18RTEG9VI5BNY,Fern Funk,2,2,5,1241136000,Charlee Bears,awesom littl snack treat favorit pupdog two pekeinges love use train well treat come varieti flavor pup like liver best senior dog perfect dont jaw power teeth use anymor easi carri treat dog whenev want exampl walk around neighborhood 3 calori dont worri weight absolut recommend everi dog owner
2314,B0032JKWGI,A2V2EKUQ5297IA,SJC,9,10,5,1335830400,Great for running recovery,train half marathon start train wasnt take cherri juic increas long run week knee hip sore start take cherri concentr ever sinc felt pretti good take juic everi morn breakfast strong flavor mix well appl orang juic half marathon im run weekend feel readi thank part cherri juic help reduc pain stuff work
2382,B0089SPDUW,AQQLWCMRNDFGI,Steven A. Peterson,9,9,5,1301616000,Oooh. I like this!,fifth differ type coffe ive tri keurig coffe maker right tie newman kcup favorit coupl kcup product seem fine first tast come pale somewhat comparison flavor makesbr br realli smooooooooooooooooooth tast coffe strong tast goe easili rich tast wellbr br bottom line purchas suppli run continu experi differ flavor kcup
2462,B002JX7GVM,A1HRECPV2Q79BG,718tech,1,1,5,1267056000,Amazing (even if it is trendy),admit fulli expect dislik product approach dismiss attitud  someth that trendi cant good right well wrong one coconut water refresh delici bare sweet realli wonder stuff hint pineappl add littl bit acid enhanc basic tast water bet would make great summer drink one didnt get tot tri problem stock cant get
2481,B002JX7GVM,A1B4MIXYVIKMU2,"D. Truong ""Duke of New Mexico""",1,3,2,1282176000,Just didn't taste good to me,im usual pineappl coconut drink drink didnt tast great tast doesnt resembl anyth close pina colada flavor actual difficult tast pineappl coconut tast tangi littl sour like water bit sugar sour yeah realli tast crave im sure everyon reaction drink didnt appeal realli want like though said usual love pineappl coconut drink
2525,B000NY4SZQ,A1IDF30FSGME1L,Shari,2,2,5,1283040000,Thomy Mustard Maniac,best ive ever eaten like mustard likebr horseradish product trybr first experi thomi sever year ago son livedbr germani use send home move back thebr state suppli cut notifi wasbr avail ecstaticbr blend delici goe well favorit cracker andbr chees appet anyth enjoy mustard addsbr littl zingbr give tri wont sorri
2542,B000G7UDPY,A2UP2MW67RZIY1,M. A. Steed,0,1,3,1313971200,I've had worse but I've had better too.,someon live die seafood ive fair share lobster bisqu stuff complet horribl need love decent textur isnt quit thin enough soup bisqu level either tast rather bad littl bland side maryland reach one thing fix thing seafood old bay dump liber amount stir still heat old bay ad nice tast made toler eat doubt ill purchas brand though
2567,B000ED9LDU,A2ZVJRZYAQ1T2V,Roxy,0,0,5,1275782400,Bob's Red Mill Organic Golden Flaxseed,2nd order place bob red mill organ flaxse good qualiti whole flaxse grind littl time sprinkl cereal yogurt keep long time freezer use flaxse year eat tablespoon everi day notic skin softer  plus keep regular ya know mean  flaxse also good way get omega 3s bodi need
2651,B0016FY6H6,A1D1SP3AOXDP4H,Jimmy Lin,0,0,3,1308700800,Not bad.  A bit light.,ive quit sencha powder time stash product one bestpric product therebr br said get per packet bit light side mix 16 oz water bare tast tea im pretti sensit tea flavor get product keep mix 8 oz water  otherwis like your drink flavorless algaebr br otherwis good product good price proper concentr flavor good cant beat health benefit good senchagreen tea
2691,B000SAPXSQ,AFXV6IMYIJC5G,kss,0,0,4,1292544000,pleased,pleas bag larg mean ill sip tea tea perfect start work day rose hibiscus liven sens caffein push type bit faster climb hillock email flavor bit pungent similar blend ive mix caus mysteri natur flavor anoth review point still quit pleasant certain look forward mani morn begun sever cup rose congou
2700,B004Z8F1JI,A1TXUOSHYDUZLO,"S. Petersen ""budget mama""",0,0,3,1347235200,decent but Monin is better...,want love didnt despit sugar free 15 calori per pump opinion need three pump add enough flavor ice vanilla latt go calori count isnt favor would howev say think brand bit sweet calori count isnt over import give go may look side note calori count unimport recommend coconut cream flavora hrefhttpwwwamazoncomgpproductb005zu3jj4amoretti premium coconut cream syrup 750mla delici
2773,B004YUF9FS,A2Z38DS9VDP5D1,Sandu,0,0,5,1336953600,Yummy!,got like 10 warehous deal bargain receiv earli may label say best june rate one per 23 day dont think ill problem finish june know sweet tooth 4 can dent condit gulab jamun insid good describ  soft chees ball 20 per sugar syrup hint cardamom warm eat maximum flavor textur
2802,B000J2DQ46,A3KUC5K5VSJNU9,"Grranimal ""Fuerkraft""",1,3,5,1295136000,"Very Good, Lots of Clams and Natural Recipe",good flavor richfew fat calori standard fare load canola oil like campbel progresso add littl qualiti evoo like california oliv ranch even butter healthier brew prefer way like also add littl half half saut hormel bacon bit red onion garlic add complex flavor impress usual also add gorton wild pacif salmon frozen market basic make healthi fish chowder
2819,B003TIUM5S,A2UZKTNE4POHTA,Chod101,0,0,5,1283731200,Love this cereal!,third box delici cereal tri eat high fiber cereal main nutrit also seem fill favorit purchas fiber plus bar mani time 1 coupon back one box cereal buy mine wal mart 268 use coupongreat deal usual last weeki eat bowl everyday also mani time youll find 1 coupon cereal box fiber bar pretti good especi chocol almond
2820,B0085G4ACA,AGITSM4KNGD73,Jeanne H. Kingsland,4,4,5,1279324800,Ambrosia.,daughter live work dc summer introduc product home visit encourag give plain version pure coconut water chanc first second contain understood amaz qualiti drink felt refresh hydrat healthi later tri kind pineappl also delici think plain effect pure refresh realli hot tire thirsti sweeter fruit infus version amaz part cocktail cant wait 500
2845,B0085G4ACA,AK30VLNO1992F,Michelle,0,0,5,1333584000,My afternoon pick-up,love pineapplecoconut water high potassium rural mail carrier hot weather afternoon get hot dri thirsti tri lose weight im watch calori water wet cold doesnt quench thirst stuff trick quench thirst give littl pickup afternoon keep go 60 calori per serv much less 180 calori gatorad recommend look healthi altern sugari sport drink
2859,B0085G4ACA,A2JBOCCC434IBZ,"Heather L. Koranteng ""HK""",9,14,1,1312502400,Nutritional content of this brand does not live up to what's on the label.,accord articl cnncom 8511 nutrit content brand live lablebr research consumerlabcom test sodium potassium magnesium sugar content three lead brand coconut water found one zico natur contain state amount four ingredientsbr br sugar potassium content two brand vita coco one also match label amount sodium magnesiumtwo nutrient key hydrationwer much 82 35 lower respect list amount
2914,B000F9Z1WI,A3R9Q9WQ1M1NYZ,J. Murrell,0,0,5,1234569600,Great 100 Calorie Treat!!,love origin oreo cakest first debut shi away eat regular basi high calori fat content serv saw commerci 100 calori version could hard wait tri must say impressedbr br 100 calori snack cake dri meali consist cake moist decad tast 100 like originalsjust smaller would recommend anyon like origin version watch calori good job nabisco
2922,B000F9Z1WI,AEJNWH4A9FNO8,Amazonista,0,0,5,1204934400,Yummy!,melt mouth think found perfect snackbr love oreo hate fat provid diet diet mean abil eat everyth moder monitor much fat ingest mani reason health import one packag cooki great tast oreo 14 fatbr also like fact come individu packag dont go stale take trip movi park etcbr great tea coffe cooki cours good old milk
3036,B0052OI128,A253T7ELJ0N64S,Lia M.,2,3,5,1314489600,SO delicious!,bought local amazon im arizona sold albertson basha store absolut delici tast like cooki bought four flavor test one didnt like chewi chocol chip other though wonder count calori tri eat healthi indulg treat sometim perfect treat sinc vitamin fiber never eat regular cooki what point actual get nutrit tasti cooki
3101,B001IZIC7E,APL8B8Y7T0ED8,Jinkster,1,2,4,1327017600,Great toddler snack; inconsistent quality,22month old daughter love ever sinc start chew food tasti healthi zero addit downsid everi hand pea hard freak rock bare crunch adult teeth worri would happen realli bite babi teeth said month noth bad happenedand hasnt worri enough stop feed pea someth feel note consid purchas otherwis excel product
3120,B004JQVASM,A2MSQNPTNAAGL1,P. Cannon,0,0,4,1319846400,Surprisingly good and no nausea!,didnt high expect would like love coffe troubl nausea acid starbuck fan full bodi surpris good nice acid issu come coffe bother make nauseous still prefer tast starbuck houseblend im sure extra bodi worth acid good altern found like better better got use give tri
3128,B000FDKQCY,A2O5CCUSFNMBDB,Online Shoper,7,7,5,1171411200,Yummmyyyy,love fresh bread hodgson brand awesom usual use dough cycl bread machin form dough bun stickss easili take go even brand organ ingredi natur process without chemic tast great requir water shorteningbutt oil even abl use applesauc instead oil didnt get rich tast order varieti amazon whole wheat honey special tasti supermarket bread
3159,B003OZYUEA,A1989WJVG7DHBK,OhioAtty,1,1,5,1332633600,Happy with the purchase,water tast good typic prefer purifi water studi grad school back day use offic fill bill think tast good look presentablebr br bottl cours recycl dont feel guilti say like qualiti bottl well someon pickup water got chain grocer brand steal  bottl flimsi dont like one bit best worldsbr br shipment arriv fulli intact
3303,B005K4Q1VI,A29WENSRNV44RY,selketine,0,0,3,1328832000,Kids love it - me not so much,bought brand hot chocol k cup caus best review amazon time kid love  especi like peppermint flavor cant see way get except mix box get milk chocol dark chocol peppermint flavor tri time weak tast make lowest set keurig think around 7 ounc still weak perfect like strong chocol flavor isnt
3414,B005K4Q1VI,A3HTC2BDLNGNQL,fierydream,0,0,5,1321488000,Much better and less expensive than that ordered from Keurig!,recent purchas keurig bought cafe escap dark chocol cocoa site chocol strang aftertast saw grove squar brand thought would give tri sinc got 36 kcup less 24 keurig receiv purchas yesterday immedi open tri cocoa actual sugar chocol flavor much better cafe escap order one hope guest drink kind get rid
3439,B005K4Q1VI,A8KGHZMPMRNMY,Userva3,1,2,4,1319846400,Great as a creamer or added chocolate flavoring,havent actual tri drink hot cocoa know peppermint flavor great creamer van houtt mexican coffeeim order anoth box add right amount chocol coffe tri find coffe flavor far ad coffe work better  usual 14 oz time run 4 oz hot chocol 10 coffe tri anoth brand kcup hot cocoa wasnt good brand
3470,B005K4Q1VI,A35MLHJG9ZRWL7,"Roxie ""Roxie Muzic""",2,2,4,1323129600,If You Are Wondering???,unlik hot chocol one obnoxi tast relief purchas keurig came box 16 hot chocol kcup name use protect guilti indescrib particular unpleas tast due fake sugar seem compris productbr br manufactur use sucralos near amount use fact actual tast like hot chocol sip whoohoobr br order  thank kuerig hot chocol reaffirm
3519,B005K4Q1VI,A1ACY29BTHNJU2,"W. Padget ""SharpsvilleBill""",2,3,4,1324512000,Very good hot cocoa.,im realli baffl great differ opinion product ive tri coupl differ brand grove squar without doubt best recent purchas cup hot cocoa local joe mugg local bam store 2 smallest size realli couldnt tell much differ obvious everi person differ tast opinion mani 1 5 star rate exact product oh well like itbr ps 1127 like cocoa well enough subscrib momth deliveri free ship reduc cost
3529,B005TY2REE,AY12DBB0U420B,Gary Peterson,0,0,4,1333756800,No cholesterol. No Sodium. Not Very Sweet. Good Taste.,trip health area local food market stumbl upon enjoy life boom choco boom dark chocol bar cant resist tri thing cart went rather good say dairi nut soy free ill take word question tast well good tast bar coupl other would regard higher one quit good bit high calori 170 per bar cholesterol sodium bad ill pick againbr br gari peterson
3538,B000YPKODY,A1S2VJ8A0CLBAJ,"Ima Rascal ""Rascal""",1,1,5,1319500800,No stale product here!,bought 2 case expir date 3 month plenti time eat 2 boy got snack lunch etc worri product would stale state review weve ate 3 box fine far kid love well prize good use didnt know differ educ never hurt well probabl order anoth coupl case 40 cent per snack cant go wrong
3610,B001HTI5I2,A10B89QOKDV5O3,Jamie F.,0,0,5,1343692800,"Organic, simple, and fast!",husband refus eat fish love take 1012 minut make way better kind tuna helper ive triedbr br besid box youll needbr br   1 tuna 6 oz use 8 ozbr   1 tablespoon butterbr   1 cup milkbr br breez prepar dont leav alon put tuna pasta milk like boil keep eye reduc heat right start boil
3636,B003MPKGKE,A1CV93020DJXB4,Khatam,7,7,2,1287792000,"Oh, nuts.",bought father day father love dri fruit nutsbr br came somewhat cute crate box compart plastic bag mean dont eat nut one sit go stale sit open stori fruitbr br bag close father open found nut stale fruit hardchewybr br recommend purchas need centerpiec actual want eat
3645,B00433ICSC,A3N6TJT9C1KHNT,Barbi,1,1,5,1326758400,happy hubby,dri mango hubbi favorit fruit especi love philippin brand come close cigar search high  low find brand compar none deliv regular basi great  free ship detect work disappoint care howev seem eat fast  run short next deliveri mayb increas quantiti qualiti best deliveri regular basi perfect gift happi  satisfi
3648,B00433ICSC,A1ZURF3SLZ53RV,KMPxx,0,0,4,1330646400,Little too sweet...,rememb realli love eat dri mango younger decid give brand tri werent bad per se littl sweet tast guess good thing though sinc dont want eat lot calori build unless control portion ill eat one itd satisfi sweet tooth hour want eat anoth one therefor guess good thing littl sweet still would like less sugar
3670,B000FDKQC4,A3AKRFTAPS05AH,LivingOurLoveSong &#60;3,0,0,2,1327795200,Bitter and a disappointment,bought local groceri store wish would read review first posit hold togeth well look like muffin negat bitter could bare finish half recent found celiac diseas cant gluten never tri gluten free muffin mix compar other tri betti crocker gluten free browni mix wonder believ would good muffin mix
3707,B00113XJQW,A32V4TT1ZJVY2G,Sam,0,0,5,1325808000,No more shedding,wife switch dog food 4 month ago virtual gone vacuum daili week dog hard shed anymor brush need coat soft shini use grain free food previous like one definit best tri pricey abl feed 12 use food still maintain weight food well worth price dog love
3884,B003159ETE,A3CGWE93SOARIC,"L. L. Mills ""Words-R-Us""",0,0,5,1348617600,What this does for lamb!!!!,sure legal put spice wont share hereon lamb chop fri amaz spice tast pretti hot make bit hard figur blend spice go turn end result strang hot sinc like spici would usual disappoint good even care seriouslyyou tri order two spice time neither get good review
3910,B000CC9V42,AM3XNQU9TZBD8,"G. Perez ""Always having fun!""",3,6,5,1217376000,Not all are champions,sinc ive insan sauc decid buy dad six pack birthdaybr br tri sauc unfortun say none 5 sauc even come close heat insan sauc main reason buy hot sauc first place feel heatbr br heat lover look buy six pack recommend buy six insan sauc bottl instead much happier
3995,B00110FN28,A2WS6FMF750EI9,"Amy Steele ""quirky mama""",0,0,2,1331424000,Mini Cookies with Mini Merits,bag never close well compuls bagclos forget ah tast ask dri dust carnat powder form snack creator branch offer tradit product slight differ form result express negat comment via review oh everyth miniatur order appeal rugrat type peopl proclaim brood stick figureish sticker back vehicl pleas go straight origin chip ahoy standard size pig forget kid six minut
4002,B00110FN28,A250AXLRBVYKB4,"Nathan Beauchamp ""ConsumerAdvocate""",1,2,5,1251331200,Great Snack!,bit sweet tooth ive tri ignor time past realiti wantneeda cooki timetotim welcom addit brown bag lunch 14 ounc singl serv make easi without overdo bring one know ill end eat one packag half 12 ounc packag singl serv help keep portion size healthi kill soul ignor need desertbr br reason price ship door great purchas
4022,B000UZVPKO,A2C3PLPJPO1IOK,tessy12,1,1,5,1287273600,Perfect diet aid,realli good sodium ok base upon daili allow great fast meal want cut stove realli good ad salad far low fat sardin aid weight loss go continu roland product reach final goal weight tast good litt coars dri normal add juic fork full love learn critic enjoy littl thing life
4034,B002U5A85U,A106R36BNKKMCO,Gem Morrison,1,2,5,1290556800,low calorie cocktail idea Fresca Peach Spritzer,look low calori cocktail mix rose wine fresca peach delici regualar soda drinker dont normal drink rose wine make sure get rose sweet might well drink koolaid look offdri bone dri rose mayb made syrah cabernet merlot tempranillo sangioves zinfandel tend sweet tast might like sparkl rose would great serv ice cocktail glass without ice martini glass
4050,B000CMHMUC,A4DYFZYOJAX3K,C. Tien,0,0,5,1259798400,Not too shabby!,bad habit snack cant get rid purchas make snack littl less bad first time tri like ugh gross soon start grow crispi without deep fri potato chip light salt doesnt 12 differ fatten unhealthi season flavor one entir bag like 350 calori actual quit good realli like find myeslf reach bag gensoy type chip
4067,B001EW5YQS,A395T0P09AYURP,"Matthew Foy ""Stone Messiah (I.W.G)""",11,11,4,1233273600,TRUE PLUG N PLAY ON THE GO WHEREVER THERES A PC,icicl truli great piec hardwar simpl plug mic cord product plug usb best thing product allow take mic wherev usb equip comput light weight dont know durabl dont plan throw find icicl come gain knob plus rememb 60 dollar plug n play tool doesnt featuresbr br also didnt noisefeedback issu
4111,B001EW5YQS,AFVUM6ECDA9FX,"S. Beckner ""Paledaddy""",0,0,2,1347408000,"Windows 7 users, pay attention",pick one use laptop run window 7 home premium comput saw item said need troubleshoot noth work research onlin found mani peopl run problem appar firmwar compat window 7 suppos correct newer run there way tell one your purchas newer tri contact blue twice hope get firmwar updat check exchang never got respons attempt final return
4135,B001EW5YQS,A7IHMYAADW14P,GBoomer,0,0,5,1311379200,Does the Job and Does it Well,creat languag teach materi live pcs mac care sound qualiti audio record voic record lot music well work home bought blue microphon icicl use high qualiti condens mic buy read lot review other onlinebr br icicl arriv work fine right bat sinc record hour hour audio use pcs mac problem product
4141,B001EW5YQS,A21SXUZ89SOB9F,Rick W,0,0,5,1270771200,Works Great!,need icicl provid better audio qualiti record pc want use high qualiti xlr mic purpos found icicl provid far better perform usb mic current own didnt problem trim pod icicl report previous review mayb blue mic correct issuebr br recommend anyon want use current xlr mic pc product great price right
4210,B004391DK0,A3VD5OQC3UQGXQ,Roxy,0,0,5,1320796800,Yay!!,mani food allergi ridicul happi made product avail decent price abl expand meal plan make stuff thought couldnt anymor made pizza famili town use pizza use differ crust whole famili like bisquick crust better said lighter tast realli enjoy find thing make crazi diet easier deal thank thank thank
4219,B004391DK0,AOK57RN8TE13K,justamom35,0,0,5,1312934400,Didn't think it would be good...but it is! GREAT!!,daughter gf 4 year discov main ingredi rice flour usual isnt good usual graini isnt case product make fantast pancak rest famili would eat didnt like biscuit wont make use make corn dog entir famili friend ate one even notic everyon love thembr br amazon sinc taken subscrib save mad hope put back soon
4258,B004391DK0,A2EWKAO4RDMBFI,"Jennifer Sullivan ""Jenn""",14,14,5,1287446400,Just like I remember regular Bisquick!,bought product uncertain would worth money quick came love made gf biscuit gravi famili didnt mention gluten free everyon love biscuit didnt fall apart like lot brand use butter flavor shorten think made biscuit even delici havent tri yet tri buy box week amazon much better price find store vega
4263,B004391DK0,A1K7AP8N1VV3W8,Texas Grammy,0,0,5,1295136000,Love This!,weve tri mani gluten free product one far best ive made pancak waffl biscuit chicken recip whole famili tell differ pamela good mix one much better expens youv got love one gluten intoler your thank option find groceri store check see carri tri box worth
4265,B004391DK0,AY09VREKSROGB,Jonathan A. Toy,0,0,5,1294704000,Gluten Free for 3 Years Best Mix Ive Tried,cant say enought gluten free bisquick husband three kid allerg wheat strick gluten free diet hous tri everi product make pancak waffl biscuit even chicken finger pleasant supris littl box wonder pancak wonder waffl great chicken finger best ive made biscuit delish cant ask anyth better wish could buy ina bigger box littl cheaper huge fan
4276,B004391DK0,A3AHU24DN2G1QA,misto1211,0,0,5,1290902400,Gluten Free Bisquick pancakes,excit bisquick came gluten free version frustrat length time took get hold final order amazon today made pancak use mix due milk allergi made soy milk origin flavor ad littl doubl strength vanilla fantast famili guest gobbl definit make tri recip hrefhttpwwwamazoncomgpproductb004391dk0bisquick pancak bake mix glutenfre 16ounc box pack 3a
4312,B004391DK0,A1UERGX5AM5ZV8,Chi-Town-John,5,6,1,1306108800,Bland...Bland...Bland!!!,gluten free sinc 2003 think worst tast gf mix come across found pros con one littl brag appreci effort anyon put gf product couldnt buy one like eat reconstitut potato look like pancak butter gravi dehydr spud real good thing speak textur light moist would serious alter recip add flavor
4367,B004391DK0,AWCDDYGC3DKD1,"Captious Consumer ""CC""",1,1,5,1295308800,"Ah, finally some good-ol' dumplings!!",amaz find shelf favorit grocer sorri say cheaper sold even subscrib save first thing made childhood favorit  dumpl  like rememb whole famili happi  big hit cant wait make blueberri muffin summer never abl duplic tast bisquick gf recip recip blueberri muffin quit opinionbr br thank general mill
4375,B004391DK0,A2BEWMZEKHQM00,Richard Jefferson,1,1,5,1290211200,Amazingly Good,wife daughter celiac son use bob red mill gf pancak mix pretti good tell gluten free pancak made today bisquick mix amaz mother son could bare tell normal wheat version flavor textur bit differ theyr light fluffi unlik lot over dens gf version well definit stock use old standbi regular bisquick recip see work
4511,B002TMV3E4,A37D5847LN3WQ,Wildcat Fan,1,3,4,1290470400,Good but pricey,love coffe admit particular come good coffe expect much coffe pleasant surpris discov quit good fall like starbuck shadegrown coffe brand  deep rich flavorbr br though enjoy sure would purchas unless sale find bit overpr dont mind spend money happi coffe otherwis would suggest purchas sale special occas
4514,B002TMV3E4,A2H2I5FY1PUHP1,Boilermate,1,3,5,1284508800,Good Coffee!,wife thought nice cup coffe bag oneway valv keep air arriv virtual flat brew cuisinart drip coffe maker nice aroma take mine cream sugar mrs b drink black thought smooth bitter later made nice dinner coffe ad favorit liquor tho coffe snob tell good cup coffe bad one one make grade
4520,B002TMV3E4,A361U4SXK7FCQE,"Joseph P. Jenkins ""joe""",2,5,3,1283558400,"Not bad, not great...",much decaf drinker unless crave cup late night reason say coffe tast averag best wawa coffe fan come well miss mark gave mother law seem happi 3 star respect might tri mix nondecaf coffe see tast hold breath price  cheaper definit would bump star
4542,B002TMV3E4,AKCZIJ6ZHE41D,"Jarucia Jaycox Nirula ""~A Pink American""",0,2,4,1284595200,Good for Half-Caf Blending,ive blend darker fullcaf melitta coffe love resultsbr br fine grind tad small french press use tast wonderfulbr br littl concern dark variat two decid blend outcom finebr br real complaint packag cheap glue metal folddown part caus fall true bag receiv dont reli thatbr br otherwis delici coffe mellow tast way choos prepar
4568,B002TMV3E4,ACH3XM6K1M4AK,L. Jonsson,0,2,5,1282694400,"Mmmm, there's nothing like a good cup of coffee!",melitta cafe collect gourmet coffe wonder tast rich like gourmet coffe coffe tast like someth could gotten europ cafebr br brew quick coffe grain residu probabl due coffe extra fine grind decaffin version tast great without milk sugar seasonbr br im coffe lover enjoy gevalia godiva coffeetwo excel foregn brand melitta stand equival tast price enjoy cup today
4575,B002TMV3E4,A3C40PJ9YXREQ5,PJ Coldren,1,4,3,1283385600,A decent cuppa,im coffe snob tell differ kenyan columbian cant tell without label decaf tast good like mine lot fake sugar cream coffe flavor isnt subdu addit bag ultim requir scissor open blurb say pack 3 got one bag sure happen product would buy sure sale    that buy coffe time
4577,B002TMV3E4,AEUY5C51JAWWH,Scout Leader,1,4,4,1282780800,Yet another coffee comes to town...,rememb cool modern melitta drip coffe maker decad ago visual delight glass wood without hint plastic eleg ahead time wish could say coffe fine coffe good actual howev noth realli special would buy price right probabl would go way get certain gourmet price point must honest say melitta name expect littl bit mayb got batch let hope
4691,B000N5Z5RU,A1EBAB6RJ7YYM,"Priscilla Ballou ""Emma's Aunt Scilly""",1,1,5,1335830400,My cats love this real food cat food,open stuff look like real food spoon onto dish four dish like actual meat sauc four dive right four saucer lick cleanbr br seen health benefit cat feed high qualiti grainfre food turducken can food one stapl diet love feed love eat itbr br view worth extra money get realli good food one pet
4696,B0000VMBDI,A1LTDEUQUFK1WC,C. Goettel,0,0,5,1346544000,Really cute - made a great golf cake,use one green ball etc golfer cake made one long hole fairway sand trap water hazard green hubbi love big 30th golf theme parti use extra golf club ball pin decor tabl around cake huge sheet cake decor could see use three green wouldnt fit right one 9x13 cake know buy wilton made confid would satisfi price couldnt go wrong 
4710,B00139TT72,A2P3CZRBFJR2YD,Preston,0,0,5,1340841600,Great dog food,feed dog newman sinc young finiki eater determin owner insist organ food need fulfil found great product dog food eaten go 9 year old next month reason ever gone vet shot high recommend foodi sooo glad amazon carri drive quit distanc buy organ pet shop
4717,B00139TT72,A8KHFTYO5R0U6,Manificial,0,0,4,1334448000,great product,switch brand one dog eye alway tear someon said could corn allergi one brand corn free cure teari eye problem quick blue brand contain corn includ garlic blend caus kidney problem dog time accord veteriniarian smell natur purina one feed seem like better like sale food go chariti good product
4740,B00139TT72,A2SYQGDNH47MV9,"J. Pan ""Jpan""",0,0,5,1251676800,Very good natural dog food,great product comfort owner natur most organ product preservativesbr br gave dog 7 year old lab mix petpromis transit took coupl day get use love dog quit picki food like junk food better rather wholesom food treat cours use newman give good bowl movement alway plus
4744,B00139TT72,A2XY3HKH5RVRM5,"E. Homer ""beyond picky""",0,0,5,1234569600,My dog loves it.,ive alway given dog thought high qualiti dog food sinc puppi pet food issu year ago switch organ dog food sinc 10 lbs price differ isnt bad free feeder isnt ideal mean dog basic access food time want get realli excit peopl food offer well open bag come eat asap good enough
4750,B00139TT72,AUKES5H8YTOEE,"J. Morgan ""treasure books""",2,4,2,1312761600,Dogs refused to eat it,expect newman dog food great may nutriti littl terrier told eat stuff period way 3 day snif bowl walk away order anoth organ dog food natur balanc organ came today half old half new book pick new stuff left newman bowl go figur thought might like know switch iam someth much healthier final think match newman
4762,B00139TT72,A1CYGRMV5RB006,CJS,1,4,1,1320278400,Doggy Prison Food,feed dog royal canin brand typic mix chicken stick wet can food eat  thought stuff would flavor easi serv upon open could tell made mistak  smell like cardboard  dog wont eat matter dress much less could get eat plain plus none scienc behind like higher end brand like royal canin  newman brand spread thin  stick pasta sauc
4781,B00139TT72,A3IKJSWU2V2BJE,"Robert R. Raper ""DJRobX""",6,6,5,1252800000,This food is working shockingly well for our allergy prone pug.,pug suffer chronic ear infect skin problem weve consist kept expens brand well known good ingredi like california natur chicken soup dog lover soul royal canin coupl other cant rememb top headbr br mom pick newman food avail groceri store love food realli surpris ear skin improv dramat stool also much firmer way less stinki food seem like real winner us
4782,B00139TT72,A6L6ADVQQIFLL,L. Chicarell,14,17,5,1214179200,the best  organic food you can feed your fur babie,sinc began use sever year ago senior dog raeli need visit vet feed well know premium petstor brand least 1 time everi six week love tast newman keep tummi tip top shape food alergi vomit made bell  evan chicken chicken sold whole food  organ food seller good enough good enough mr newman profit go anim shelter rescu organ give food 12 week see improvememnt
4965,B001DW2RGO,A25BXIJ3QC7IMG,"Suzanne Jackson ""Suzanne Jackson""",0,0,1,1350950400,No Habla Espanol,guess job okay much cheaper 5hour brand packag arriv spanish sinc dont speak read spanish littl leeri item sinc imposs read ingredi nutrit inform panelbr item label made usa websit label mx extens mexican companybr dont anyth neighbor south expect buy someth amazon label english unless otherwis state
4993,B002Z9NKUG,A1Z4LX3Q1YMF84,"Cindy A. Osterhout ""Cindy O""",0,0,2,1346112000,INDIGESTION OF MAJOR PROPORTIONS,one cat cannot toler particular fanci feast salmon product shred one get get doesbr everytim eat throw everywher shoe white rug grate tilebr br ate sever year occasion upset everi time famili realiz occur individu basi usuallybr br also one younger kitti occasion upset stage kitti tender tummi would avoid
4996,B00653KJ5M,AGE64SY3HP9RV,CZ,1,1,2,1341273600,The cavemen must have been wealthy,realli want like thesebr br first cooki size half dollar arent thick like fudg cooki look ingredi nut flour held togeth honey need egg someth gooey sticki extrem sweet pack whop 1015g carb yes count fiberbr br im sorri appreci effort guy option novet expens nonfunct serious part regular diet
4998,B00653KJ5M,A1T6I625FGQS20,IL,1,1,3,1336694400,Okay in a pinch - not great,cooki came seal seem high qualiti ingredi thing dont tast good girlfriend thought might good dessertlik option paleo diet tri one kind coupl day dont find go back would much rather dessert realli check box cheat day left want eat true gluten allergi mayb good option im believ
5003,B00653KJ5M,A2IMM1IOY8Y36C,"Emma McCreary ""cheekyboots""",1,2,1,1333497600,taste just awful!,ive paleo six month partner found ined four kind way tast near samebr br im sure either seem like would good ingredi someth combin flavor tast good kept tri hope would grow sure didnt final toss thembr br would advis get one local coop someth buy whole bunch onlin sure
5049,B0026RHUP8,A1H40YTBGQTVWY,"L. Koffi ""VeganGal""",4,21,1,1276473600,Read and read well.,one read product ingredi find first ingredi cow milk sugar diabet maker milk fourth ingredi sunflow oil fifth ingredi maltodextrin starch produc grain contain sugar maltos dextrin seventh ingredi get tuna fish oil even featur vitamin d3 anim deriv four differ sugar sourc artifici flavor good measur realli think feed babi would use product know wouldnt know food sourc
5079,B005H3BYHI,A16OX6U12GNZIT,islandboy08876,2,14,1,1319846400,not even close to coconut water!,coconut water sweeten actual sugar ever ad sweet thing american custom ruin real flavor coconut water live jamaica 4 year bahama 2 coconut water real coconut ad sugar naturalbr stick buy brown hard shell coconut supermarket drink natur unalt box cane packag coconut water nasti still yet tri brand one mani tri make wanna buy
5100,B004157PZI,A1W0Q1WAIQQIIJ,SeaMe,2,2,5,1341878400,Wonderful beef jerky...an addiction waiting to happen!,muslim interest jerki low carb content compar brand sweet jerki slight sweet tast great flavor spicybut hot easi chew doesnt leav finger sticki wish came econom size 6 9 12 oz size doesnt seem case great jerki might addict probabl make 3 ounc bag size good choiceaft first 3 ounc stop least long enough open anoth bag
5113,B001VNGN0Q,A23XPUHOP0KPW6,vs,3,3,4,1325980800,Thyme Leaf,purchas sever herb frontier good qualiti thyme leaf alway one difficult purchas due like chanc reciev stem leaf thyme leaf purchas averag good qualiti 3070 stem leaf cut packag satifi select dri thyme leaf usual littl less stem leaf ratio cook use stem thyme leaf favor leaf use cook success
5114,B001VNGN0Q,A16CDO5H7BASS5,Elliotks,2,2,5,1333929600,Acne medicine,read news stori lab research suggest thyme tinctur one effect way fight acn better prescript got 5 quart jar amount perfect mani 2 cheap bottl vodka 80 proof fill jar half way thyme top vodka im still let sit take six week complet get chees cloth separ thyme liquid test run ill updat result midmay
5148,B0031YJ38W,AY1EF0GOH80EK,Natasha Stryker,0,0,3,1325116800,Dry and too fruity,aw eaten cup tea coffe milk  dri eaten plain like less sugar granola bar choke hazard toddler like hard snack sometim fan oatmeal raisin mini cooki regular size eb cooki flavor tast fruiti chocolati think doubl choc cherri tast better happi last resort snackonthego need favorit
5152,B0031YJ38W,A1QIXPV1XB7GL4,Saltchuck,0,0,5,1250035200,Same great cookie in a smaller size,live area cooki made rememb buy local coffe stand first start make year ago  one wrap saran wrap handwritten label packag chang mani differ flavor avail origin breakfast cooki still tast good today first one didbr br smaller size great snack larg one enough two peopl full good stuff sweetit treat feel good
5204,B003R0LKSG,A33V118ZVFLGVK,"Wings42 ""David""",1,2,3,1291334400,"I and my dog love it, my cats hate it",gave 3 star qualiti ingredi neither cat eat what use tri wean food junk weve feed mix slowli increas amount felida get real hungri first avail way theyll eat cover drip fish cook can sardinesbr br anyth think mushi pate type textur bother tast smell pretti good
5206,B000G1X456,A3D9LM07P8CXI,Jo-Ann Hague,8,8,5,1193443200,As Good As Gourmet,yuban dark roast outstand smooth chocolati tast find good far expens coffe would also recommend purchas 11ounc cannist coffe freshest pop open new use without refriger freez itbr br like mani dark roast coffe dont like burnt tast yuban dark roast burnt bitter tast definit shun regular roast onebr br also keep mind review written someon think starbuck far far overr bitter burnt
5210,B000G1X456,A1TTUR3TU0YFDG,"TubaTim ""a husband and father""",1,1,5,1197158400,"Smotth and never bitter, even when made extra strong",yuban make best cup coffe either roast never bitter make great cup coffe like coffe extrastrong use yuban year coffe consist distinctivebr br best can ground coffe period found none match true dark smooth cup coffe bitter burnt tast silki rich coffe add dab halfnhalf bliss cupbr br dont spend money expens design coffe bestbr br persnicketi coffe buy yuban
5211,B000G1X456,A1HX18FYPSN0AM,S. Watson,1,1,5,1194912000,Best Dark Roast coffee you'll ever drink!,live baton roug wife drank popular region coffe  communiti coffe guess loyalti becam full time rver februari 2007 pack 5 lbs coffe ran missouri tri dark roast includ maxwel hous gourmet dark roast yuban dark roast omg  differencebr br well never buy anyth except yuban dark road  smooth silki without burnt bitter tastebr br difficult find south louisiana easier nationwid there alway amazon deliveri within 5daysbr br ya gotta tri
5214,B000G1X456,A1YDBRZ328R4UU,"como651 ""Summit Guild""",1,2,3,1301011200,Not as good as the Organic version,drink yuban organ medium roast coffe could find anymor local groceri store tri instead let drink organ coffe tast like averag groceri store coffe compar folger organ stuff that differ stori stuff good tast damn near good fresh stuff buy dunn bros caribou coffe hous dont believ tri organ version side side wont go back promis coffe sens
5215,B000G1X456,A1LA5T5SXLGFZQ,"Halcyon Moses ""GoGreenMart&More.com""",1,2,5,1215216000,The best!,recent thought coffe coffe appar simpl drink coffe either good habit environ bad onebr br good news go green easi look certif environment watchdog like rainforest allianc keep demand arabica uhrabihkuh rainforest blend coffe ask local groceri store favorit coffe housebr br gogreenmartmor vote yuban product week great tast help wake morn protect environ well
5216,B000G1X456,A2YSFKX18XTHED,"Billie Vanderburg ""Smart Shopper""",2,4,3,1203292800,I Wish They Hadn't Changed the Formula,wish hadnt chang formula yuban sold 2 year ago even contact general food ask reformul coffe told go back origin formula mani year ago great product better dark roast coffe market yuban special treat ordinari still like everyday coffe sure isnt use former even prefer starbuck
5359,B004565GV8,AUBZIIDZQZ7O3,lisadee,0,0,5,1299024000,willy wonkalicious,extra dessert delight sugargre key lime pie flavor gum amaz limey mouth parti zesti tart temper enough sweet balanc piec gum tast much like food littl disori realli think would end look like lime la violet beauregard willi wonka chocol factori movi relief problem flavor last long bubbl gum mint flavor might much hope
5360,B004565GV8,AS31UPUVR0MZB,Amazoning,0,0,5,1291248000,Very Tasty,like review low expect gum happili wrong love key lime pie lime flavor general first chew gum tangybit key lime creami sweet hint graham cracker crust flavor initi flavor burst fade surg artifici sugarysweet occur brandsflavor sugarfre chew gum surg isnt overwhelm long last sugarfre gum fade gum mellow subtl lime zest flavor realli like gum
5366,B000G671RI,A36E851AVRJE8P,Sallie,3,3,4,1302393600,Great Low Carb Replacement for Salt and Vinegar Potato Chips,love salt vinegar potato chip cant eat lowcarb diet pork skin wonder replac highcarb snack salt vinegar flavor pork skin bit mute use find potato chip brand definit adequ sooth crave crunchi saltandvinegar snack pork skin light fluffi almost none hard rind found brand pork skin flavor bit pronounc would give snack five star
5401,B00622CYVS,A29SA1GYR78W2I,Sandra Matsunaga,0,0,5,1341532800,My baby's favorite flavors!,6monthold fanat flavor gobbl cant load spoon fast enough introduc new food everi 3 day alway get interest blend well tri ton flavor profil point realli get notabl reaction goe mmm mmm lol cute meat easiertoabsorb sourc iron compar artificiallyenrich iron found babi cereal definit prefer compliment mommi milk oppos cereal hard littl tummi digest
